AAADKYXUTOBAGS-OIBJUYFYSA-N,0.032774,-0.046593
AAAXMNYUNVCMCJ-UHFFFAOYSA-N,0.050471,-0.015816
AATNZNJRDOVKDD-UHFFFAOYSA-N,0.036236,-0.083911
ABXGMGUHGLQMAW-UHFFFAOYSA-N,0.053711,-0.05749
ADSOSINJPNKUJK-UHFFFAOYSA-N,0.041518,-0.069601
AEKVBBNGWBBYLL-UHFFFAOYSA-N,0.057648,-0.066194
AFHUWZFARIICFX-UHFFFAOYSA-N,0.048616,-0.067214
AGSPXMVUFBBBMO-UHFFFAOYSA-N,0.068562,-0.067392
AHHWIHXENZJRFG-UHFFFAOYSA-N,0.032265,-0.066227
AHJWSRRHTXRLAQ-UHFFFAOYSA-N,0.028336,-0.045609
AIMREYQYBFBEGQ-UHFFFAOYSA-N,0.044764,-0.059159
AJFDBNQQDYLMJN-UHFFFAOYSA-N,0.041137,-0.081892
AKODNVGCZKBUNT-UHFFFAOYSA-N,0.050446,-0.072556
AKQWEDMTPCAESO-UHFFFAOYSA-N,0.047636,-0.070774
ALCDAWARCQFJBA-UHFFFAOYSA-N,0.030204,-0.04295
ANGGPYSFTXVERY-UHFFFAOYSA-N,0.035604,-0.025037
AOPDRZXCEAKHHW-UHFFFAOYSA-N,0.020314,-0.060376
APLHDUWNMGJBFD-UHFFFAOYSA-N,0.077437,-0.057889
AQEFLFZSWDEAIP-UHFFFAOYSA-N,0.02949,-0.058698
AQNQQHJNRPDOQV-UHFFFAOYSA-N,0.035403,-0.029714
AQNQZLOSBFEYBX-LURJTMIESA-N,0.04173,-0.079506
ARKIFHPFTHVKDT-UHFFFAOYSA-N,0.055287,-0.053378
ASUDFOJKTJLAIK-UHFFFAOYSA-N,0.051983,-0.070818
ATDGTVJJHBUTRL-UHFFFAOYSA-N,0.083259,-0.056687
ATHHXGZTWNVVOU-UHFFFAOYSA-N,0.092562,-0.077368
ATVJXMYDOSMEPO-UHFFFAOYSA-N,0.032687,-0.060717
AUFIRGPROMANKW-UHFFFAOYSA-N,0.02799,-0.061928
AUHZEENZYGFFBQ-UHFFFAOYSA-N,0.027917,-0.032645
AUQDITHEDVOTCU-UHFFFAOYSA-N,0.056195,-0.072019
AVFZOVWCLRSYKC-UHFFFAOYSA-N,0.022412,-0.061513
AVPYQKSLYISFPO-UHFFFAOYSA-N,0.054874,-0.058955
AVQQQNCBBIEMEU-UHFFFAOYSA-N,0.035343,-0.079625
AWJUIBRHMBBTKR-UHFFFAOYSA-N,0.042552,-0.069071
AZQWKYJCGOJGHM-UHFFFAOYSA-N,0.052063,-0.050157
BAPJBEWLBFYGME-UHFFFAOYSA-N,0.043911,-0.061784
BATDBURDIROQFJ-SOFGYWHQSA-N,0.046716,-0.069026
BAVYZALUXZFZLV-UHFFFAOYSA-N,0.052798,-0.071556
BAYUSCHCCGXLAY-UHFFFAOYSA-N,0.052864,-0.065731
BBLDTXFLAHKYFJ-UHFFFAOYSA-N,0.027283,-0.063798
BDERNNFJNOPAEC-UHFFFAOYSA-N,0.08702,-0.060564
BEZDDPMMPIDMGJ-UHFFFAOYSA-N,0.025057,-0.036088
BGJSXRVXTHVRSN-UHFFFAOYSA-N,0.038369,-0.049124
BGNGWHSBYQYVRX-UHFFFAOYSA-N,0.053123,-0.075169
BGTOWKSIORTVQH-UHFFFAOYSA-N,0.038549,-0.06748
BHAAPTBBJKJZER-UHFFFAOYSA-N,0.069612,-0.055509
BHHGXPLMPWCGHP-UHFFFAOYSA-N,0.055396,-0.069094
BIPUHAHGLJKIPK-UHFFFAOYSA-N,0.043597,-0.071419
BLKXLEPPVDUHBY-UHFFFAOYSA-N,0.035013,-0.079472
BLXSFCHWMBESKV-UHFFFAOYSA-N,0.039071,-0.023772
BMVXCPBXGZKUPN-UHFFFAOYSA-N,0.052135,-0.070975
BNLLHLUAOXAUNQ-UHFFFAOYSA-N,0.096867,-0.058354
BNUHAJGCKIQFGE-UHFFFAOYSA-N,0.059652,-0.061938
BOHCMQZJWOGWTA-UHFFFAOYSA-N,0.049007,-0.070416
BRLQWZUYTZBJKN-VKHMYHEASA-N,0.048394,-0.052656
BRRVYBRXLUEEJP-UHFFFAOYSA-N,0.049031,-0.073466
BSKHPKMHTQYZBB-UHFFFAOYSA-N,0.042512,-0.068708
BUDQDWGNQVEFAC-UHFFFAOYSA-N,0.031601,-0.050755
BULLHNJGPPOUOX-UHFFFAOYSA-N,0.053881,-0.055941
BUZYGTVTZYSBCU-UHFFFAOYSA-N,0.053874,-0.061352
BVSPJPNNLDIUFE-UHFFFAOYSA-N,0.046584,-0.066466
BWHOZHOGCMHOBV-BQYQJAHWSA-N,0.048104,-0.069231
BWZVCCNYKMEVEX-UHFFFAOYSA-N,0.03603,-0.071301
BXRFQSNOROATLV-UHFFFAOYSA-N,0.064662,-0.049791
BYEAHWXPCBROCE-UHFFFAOYSA-N,0.111874,-0.032117
BZLVMXJERCGZMT-UHFFFAOYSA-N,0.026928,-0.060547
CDNHLXOFELOEOL-UHFFFAOYSA-N,0.098157,-0.050957
CDQSTBHGKNNPSY-UHFFFAOYSA-N,0.040315,-0.081841
CELKOWQJPVJKIL-UHFFFAOYSA-N,0.052796,-0.06203
CFPIZMWTMRWZRO-UHFFFAOYSA-N,0.051316,-0.069894
CGHIBGNXEGJPQZ-UHFFFAOYSA-N,0.057235,-0.03612
CGZZMOTZOONQIA-UHFFFAOYSA-N,0.035237,-0.069347
CLWIJUQLAFJNOF-UHFFFAOYSA-N,0.07177,-0.062276
CODXZFSZJFCVBE-UHFFFAOYSA-N,0.046966,-0.069818
CPWSNJSGSXXVLD-CHIWXEEVSA-N,0.024674,-0.048008
CQQUWTMMFMJEFE-UHFFFAOYSA-N,0.05268,-0.074133
CSCPPACGZOOCGX-UHFFFAOYSA-N,0.041971,-0.066192
CSJAXRKDCCWCSJ-UHFFFAOYSA-N,0.063707,-0.086139
CSVFWMMPUJDVKH-UHFFFAOYSA-N,0.054263,-0.049305
CSYLYUAMXUGIFE-UHFFFAOYSA-N,0.049314,-0.048939
CTAPFRYPJLPFDF-UHFFFAOYSA-N,0.062249,-0.064849
CTQNGGLPUBDAKN-UHFFFAOYSA-N,0.029851,-0.031675
CUYKNJBYIJFRCU-UHFFFAOYSA-N,0.082231,-0.072882
CVQUWLDCFXOXEN-UHFFFAOYSA-N,0.063095,-0.075356
CWHFDTWZHFRTAB-UHFFFAOYSA-N,0.051719,-0.066766
CYFPVACSJLXVCA-UHFFFAOYSA-N,0.080744,-0.089162
CYNYIHKIEHGYOZ-UHFFFAOYSA-N,0.039424,-0.027392
CYSGHNMQYZDMIA-UHFFFAOYSA-N,0.040547,-0.080219
CZGCEKJOLUNIFY-UHFFFAOYSA-N,0.056682,-0.053223
CZPWVGJYEJSRLH-UHFFFAOYSA-N,0.053231,-0.059592
DACIGVIOAFXPHW-CDECOKDKSA-N,0.038979,-0.068338
DAZXVJBJRMWXJP-UHFFFAOYSA-N,0.023865,-0.061617
DCKVNWZUADLDEH-YFKPBYRVSA-N,0.036923,-0.065734
DCNUQRBLZWSGAV-UHFFFAOYSA-N,0.044574,-0.070741
DENRZWYUOJLTMF-UHFFFAOYSA-N,0.04194,-0.060346
DGVORXWMCNREFA-UHFFFAOYSA-N,0.046364,-0.071321
DHIVLKMGKIZOHF-UHFFFAOYSA-N,0.030865,-0.044825
DHXVGJBLRPWPCS-UHFFFAOYSA-N,0.027361,-0.064054
DHYHYLGCQVVLOQ-UHFFFAOYSA-N,0.087784,-0.026448
DJCCLAGHBJZHJK-SHTILUHOSA-N,0.040442,-0.055576
DKGAVHZHDRPRBM-UHFFFAOYSA-N,0.081185,-0.063832
DKNWSYNQZKUICI-CHIWXEEVSA-N,0.048896,-0.071006
DKPFZGUDAPQIHT-UHFFFAOYSA-N,0.037012,-0.066234
DMBHHRLKUKUOEG-UHFFFAOYSA-N,0.082348,-0.029085
DPBLXKKOBLCELK-UHFFFAOYSA-N,0.052317,-0.070973
DQWPFSLDHJDLRL-UHFFFAOYSA-N,0.035313,-0.08563
DRUIESSIVFYOMK-UHFFFAOYSA-N,0.049897,-0.050196
DSGZADFUTPZEMZ-UHFFFAOYSA-N,0.044069,-0.063403
DSSYKIVIOFKYAU-XCBNKYQSSA-N,0.032379,-0.068101
DSWNRHCOGVRDOE-ONEGZZNKSA-N,0.044826,-0.078575
DULCUDSUACXJJC-UHFFFAOYSA-N,0.035769,-0.062358
DURPTKYDGMDSBL-UHFFFAOYSA-N,0.024073,-0.054594
DVVGIUUJYPYENY-UHFFFAOYSA-N,0.060782,-0.08191
DZBUGLKDJFMEHC-UHFFFAOYSA-N,0.046381,-0.063815
FAXDZWQIWUSWJH-UHFFFAOYSA-N,0.050665,-0.071051
FDDDTDSPQXLQFY-UHFFFAOYSA-N,0.07849,-0.058457
FDPIMTJIUBPUKL-UHFFFAOYSA-N,0.035975,-0.067881
FERIUCNNQQJTOY-UHFFFAOYSA-N,0.102396,-0.061428
FEWLNYSYJNLUOO-UHFFFAOYSA-N,0.042882,-0.080723
FFCSRWGYGMRBGD-UHFFFAOYSA-N,0.088204,-0.025998
FFNVQNRYTPFDDP-UHFFFAOYSA-N,0.061851,-0.067772
FGLBSLMDCBOPQK-UHFFFAOYSA-N,0.053301,-0.05776
FGWQRDGADJMULT-UHFFFAOYSA-N,0.042735,-0.079048
FHUDAMLDXFJHJE-UHFFFAOYSA-N,0.057884,-0.048573
FHUODBDRWMIBQP-UHFFFAOYSA-N,0.04596,-0.065636
FJBFPHVGVWTDIP-UHFFFAOYSA-N,0.058913,-0.018698
FJDUDHYHRVPMJZ-UHFFFAOYSA-N,0.052809,-0.070336
FJKIXWOMBXYWOQ-UHFFFAOYSA-N,0.038473,-0.050367
FKNQCJSGGFJEIZ-UHFFFAOYSA-N,0.040799,-0.071889
FKRCODPIKNYEAC-UHFFFAOYSA-N,0.033645,-0.064182
FLFWJIBUZQARMD-UHFFFAOYSA-N,0.11096,-0.054961
FMKOJHQHASLBPH-UHFFFAOYSA-N,0.038551,-0.02395
FMVJYQGSRWVMQV-UHFFFAOYSA-N,0.077551,-0.060969
FQPHSCYJOFMLIW-UHFFFAOYSA-N,0.054917,-0.078662
FRGXNJWEDDQLFH-UHFFFAOYSA-N,0.041801,-0.072009
FSPSELPMWGWDRY-UHFFFAOYSA-N,0.044839,-0.066889
FTAHXMZRJCZXDL-UHFFFAOYSA-N,0.054742,-0.066478
FUCOMWZKWIEKRK-UHFFFAOYSA-N,0.03586,-0.025589
FUNXVDFRBZQHKX-UHFFFAOYSA-N,0.054515,-0.079046
FVSKHRXBFJPNKK-UHFFFAOYSA-N,0.052232,-0.071174
FXHOOIRPVKKKFG-UHFFFAOYSA-N,0.045862,-0.080645
FYHIXFCITOCVKH-UHFFFAOYSA-N,0.04732,-0.054082
FZUGPQWGEGAKET-UHFFFAOYSA-N,0.048754,-0.07064
FZWLAAWBMGSTSO-UHFFFAOYSA-N,0.055632,-0.065143
GAEKPEKOJKCEMS-BYPYZUCNSA-N,0.046236,-0.074838
GBBZLMLLFVFKJM-UHFFFAOYSA-N,0.048606,-0.012354
GBCKRQRXNXQQPW-UHFFFAOYSA-N,0.031044,-0.065306
GCDVQIPVANUWJO-UHFFFAOYSA-N,0.064799,-0.080916
GDRXVSCABVGRCX-UHFFFAOYSA-N,0.067087,-0.072813
GEOWCLRLLWTHDN-UHFFFAOYSA-N,0.051734,-0.053394
GETQZCLCWQTVFV-UHFFFAOYSA-N,0.023753,-0.061723
GGDYAKVUZMZKRV-UHFFFAOYSA-N,0.098808,-0.048793
GGSUCNLOZRCGPQ-UHFFFAOYSA-N,0.033396,-0.045342
GGYVTHJIUNGKFZ-UHFFFAOYSA-N,0.036952,-0.082725
GJNGXPDXRVXSEH-UHFFFAOYSA-N,0.055535,-0.065367
GJRQTCIYDGXPES-UHFFFAOYSA-N,0.037906,-0.065925
GNKZMNRKLCTJAY-UHFFFAOYSA-N,0.044752,-0.067698
GNOIPBMMFNIUFM-UHFFFAOYSA-N,0.0318,-0.092117
GOBGVVAHHOUMDK-UHFFFAOYSA-N,0.028208,-0.046271
GOOHAUXETOMSMM-VKHMYHEASA-N,0.034618,-0.058912
GPHQHTOMRSGBNZ-UHFFFAOYSA-N,0.057702,-0.060328
GPRYKVSEZCQIHD-UHFFFAOYSA-N,0.086115,-0.073032
GPTVQTPMFOLLOA-UHFFFAOYSA-N,0.034928,-0.045451
GRTGGSXWHGKRSB-UHFFFAOYSA-N,0.057603,-0.04069
GSCLMSFRWBPUSK-VKHMYHEASA-N,0.051298,-0.067539
GUVUOGQBMYCBQP-UHFFFAOYSA-N,0.040004,-0.082353
GXMIHVHJTLPVKL-UHFFFAOYSA-N,0.044059,-0.080856
GYCPLYCTMDTEPU-UHFFFAOYSA-N,0.050101,-0.051412
GZPHSAQLYPIAIN-UHFFFAOYSA-N,0.060213,-0.063474
HATLLUIOEIXWGD-UHFFFAOYSA-N,0.058046,-0.075713
HBNYJWAFDZLWRS-UHFFFAOYSA-N,0.049089,-0.035303
HCEKGPAHZCYRBZ-UHFFFAOYSA-N,0.053059,-0.06078
HCFAJYNVAYBARA-UHFFFAOYSA-N,0.03634,-0.065182
HCIBTBXNLVOFER-UHFFFAOYSA-N,0.057077,-0.08163
HEDRZPFGACZZDS-UHFFFAOYSA-N,0.068165,-0.011247
HFZKOYWDLDYELC-UHFFFAOYSA-N,0.047763,-0.061392
HGCIXCUEYOPUTN-UHFFFAOYSA-N,0.023657,-0.031418
HHAISVSEJFEWBZ-UHFFFAOYSA-N,0.057802,-0.056858
HHEIMYAXCOIQCJ-UHFFFAOYSA-N,0.032332,-0.065582
HHTWPSDKGIGWHJ-UHFFFAOYSA-N,0.034955,-0.054134
HHVIBTZHLRERCL-UHFFFAOYSA-N,0.058179,-0.066157
HJOVHMDZYOCNQW-UHFFFAOYSA-N,0.038172,-0.073636
HLDBHWJNZHGZMV-LLVKDONJSA-N,0.04134,-0.076329
HMIBQFXWSUBFTG-UHFFFAOYSA-N,0.043706,-0.075717
HNJBEVLQSNELDL-UHFFFAOYSA-N,0.078866,-0.080397
HONIICLYMWZJFZ-UHFFFAOYSA-N,0.050866,-0.069725
HPMLGNIUXVXALD-UHFFFAOYSA-N,0.049283,-0.056223
HPXRVTGHNJAIIH-UHFFFAOYSA-N,0.082411,-0.064482
HQABUPZFAYXKJW-UHFFFAOYSA-N,0.052343,-0.070784
HTIRHQRTDBPHNZ-UHFFFAOYSA-N,0.026269,-0.04475
HTJDQJBWANPRPF-UHFFFAOYSA-N,0.053638,-0.064237
HUDYANRNMZDQGA-UHFFFAOYSA-N,0.050458,-0.076199
HUMNYLRZRPPJDN-UHFFFAOYSA-N,0.047338,-0.063037
HVCFCNAITDHQFX-UHFFFAOYSA-N,0.041418,-0.068446
HVTICUPFWKNHNG-UHFFFAOYSA-N,0.040976,-0.022711
HWWYDZCSSYKIAD-UHFFFAOYSA-N,0.040879,-0.072657
HXJUTPCZVOIRIF-UHFFFAOYSA-N,0.051818,-0.067499
HXQHRUJXQJEGER-UHFFFAOYSA-N,0.051814,-0.074308
HXVNBWAKAOHACI-UHFFFAOYSA-N,0.03385,-0.06571
HZCDANOFLILNSA-UHFFFAOYSA-N,0.047188,-0.083694
IAZDPXIOMUYVGZ-UHFFFAOYSA-N,0.053188,-0.082019
ICSNLGPSRYBMBD-UHFFFAOYSA-N,0.085181,-0.065144
IDJCCRRYIMWLSQ-UHFFFAOYSA-N,0.044093,-0.07481
IEJIGPNLZYLLBP-UHFFFAOYSA-N,0.039235,-0.058994
IENJMFWWRIWLIW-UHFFFAOYSA-N,0.069946,-0.055831
IGTWYMQBGKAFCF-VOTSOKGWSA-N,0.052214,-0.079015
IIRFCWANHMSDCG-UHFFFAOYSA-N,0.035139,-0.069139
IKHGUXGNUITLKF-UHFFFAOYSA-N,0.044839,-0.062036
ILBIXZPOMJFOJP-UHFFFAOYSA-N,0.060939,-0.061684
ILVXOBCQQYKLDS-UHFFFAOYSA-N,0.054213,-0.076698
IMNDHOCGZLYMRO-UHFFFAOYSA-N,0.040808,-0.078945
IMNIMPAHZVJRPE-UHFFFAOYSA-N,0.024403,-0.06414
IMRWILPUOVGIMU-UHFFFAOYSA-N,0.054135,-0.062229
INQOMBQAUSQDDS-UHFFFAOYSA-N,0.044695,-0.020796
IOJUPLGTWVMSFF-UHFFFAOYSA-N,0.053464,-0.061235
IOQPZZOEVPZRBK-UHFFFAOYSA-N,0.05192,-0.070885
IQZZFVDIZRWADY-UHFFFAOYSA-N,0.055035,-0.071387
IRNRNPNZAKHEAW-UHFFFAOYSA-N,0.055653,-0.050939
ISWSIDIOOBJBQZ-UHFFFAOYSA-N,0.105047,-0.046416
ISXOBTBCNRIIQO-UHFFFAOYSA-N,0.040726,-0.083511
ITQTTZVARXURQS-UHFFFAOYSA-N,0.043116,-0.070848
IVSZLXZYQVIEFR-UHFFFAOYSA-N,0.029984,-0.031469
IWDCLRJOBJJRNH-UHFFFAOYSA-N,0.102759,-0.048237
IWJMFKRJGSKMBW-SHRKTGAESA-N,0.049237,-0.07893
IWTFOFMTUOBLHG-UHFFFAOYSA-N,0.042165,-0.053872
JACMPVXHEARCBO-UHFFFAOYSA-N,0.0498,-0.065522
JAMNHZBIQDNHMM-UHFFFAOYSA-N,0.041555,-0.072584
JBTWLSYIZRCDFO-UHFFFAOYSA-N,0.038197,-0.060435
JBYHSSAVUBIJMK-UHFFFAOYSA-N,0.037902,-0.053019
JECUZQLBQKNEMW-UHFFFAOYSA-N,0.046754,-0.067119
JECYUBVRTQDVAT-UHFFFAOYSA-N,0.049591,-0.052708
JEDHEXUPBRMUMB-UHFFFAOYSA-N,0.047264,-0.076573
JEJBXIHZMUVILV-QMMMGPOBSA-N,0.0275,-0.04519
JFDZBHWFFUWGJE-UHFFFAOYSA-N,0.050872,-0.069144
JHIVVAPYMSGYDF-UHFFFAOYSA-N,0.035989,-0.069029
JIKUXBYRTXDNIY-UHFFFAOYSA-N,0.054755,-0.069926
JJHHIJFTHRNPIK-UHFFFAOYSA-N,0.050004,-0.076069
JJWLVOIRVHMVIS-UHFFFAOYSA-N,0.052013,-0.069692
JJYPMNFTHPTTDI-UHFFFAOYSA-N,0.071935,-0.051648
JKANAVGODYYCQF-UHFFFAOYSA-N,0.06256,-0.062472
JKOVQYWMFZTKMX-ONEGZZNKSA-N,0.060325,-0.077894
JKTCBAGSMQIFNL-UHFFFAOYSA-N,0.040023,-0.053026
JLNGEXDJAQASHD-UHFFFAOYSA-N,0.042128,-0.080042
JLSSWDFCYXSLQX-UHFFFAOYSA-N,0.051856,-0.065528
JLTDJTHDQAWBAV-UHFFFAOYSA-N,0.039694,-0.037831
JMMWKPVZQRWMSS-UHFFFAOYSA-N,0.037287,-0.065288
JMVIVASFFKKFQK-UHFFFAOYSA-N,0.043726,-0.072078
JNAKRDAEBSBJGO-UHFFFAOYSA-N,0.040275,-0.071307
JNELGWHKGNBSMD-UHFFFAOYSA-N,0.044939,-0.066414
JQVDAXLFBXTEQA-UHFFFAOYSA-N,0.049383,-0.065685
JSDBKAHWADVXFU-UHFFFAOYSA-N,0.07077,-0.070372
JUJWROOIHBZHMG-UHFFFAOYSA-N,0.044633,-0.06884
JUNNTRSMCCUKGG-UHFFFAOYSA-N,0.081007,-0.066004
JVZRCNQLWOELDU-UHFFFAOYSA-N,0.041336,-0.070042
JWUJQDFVADABEY-RXMQYKEDSA-N,0.027394,-0.062808
JWVNPUBYKCSIKR-UHFFFAOYSA-N,0.050058,-0.06754
JXQGICFGPUAVLJ-UHFFFAOYSA-N,0.042999,-0.071801
JXTGICXCHWMCPM-SECBINFHSA-N,0.049731,-0.078617
JXTGICXCHWMCPM-VIFPVBQESA-N,0.049677,-0.078597
JYMNQRQQBJIMCV-UHFFFAOYSA-N,0.056302,-0.079379
JYYNAJVZFGKDEQ-UHFFFAOYSA-N,0.038486,-0.071633
KAESVJOAVNADME-UHFFFAOYSA-N,0.093944,-0.042403
KBEBGUQPQBELIU-CMDGGOBGSA-N,0.044453,-0.063792
KBPLFHHGFOOTCA-UHFFFAOYSA-N,0.085393,-0.063509
KBVQJEKAHKMCID-FNORWQNLSA-N,0.045017,-0.062375
KDISMIMTGUMORD-UHFFFAOYSA-N,0.041336,-0.081473
KFDVPJUYSDEJTH-UHFFFAOYSA-N,0.047899,-0.069509
KFZMGEQAYNKOFK-UHFFFAOYSA-N,0.083706,-0.063573
KGIGUEBEKRSTEW-UHFFFAOYSA-N,0.046671,-0.064723
KIDHWZJUCRJVML-UHFFFAOYSA-N,0.052431,-0.069882
KIPSRYDSZQRPEA-UHFFFAOYSA-N,0.066984,-0.051719
KJDRSWPQXHESDQ-UHFFFAOYSA-N,0.044375,-0.02894
KJPRLNWUNMBNBZ-QPJJXVBHSA-N,0.050592,-0.066552
KKHBRTFQIYIHEI-UHFFFAOYSA-N,0.097035,-0.058154
KMAQZIILEGKYQZ-UHFFFAOYSA-N,0.05819,-0.052356
KMSNYNIWEORQDJ-UHFFFAOYSA-N,0.045129,-0.064278
KPWDGTGXUYRARH-UHFFFAOYSA-N,0.094482,-0.048341
KRZCOLNOCZKSDF-UHFFFAOYSA-N,0.083731,-0.038238
KSMVZQYAVGTKIV-UHFFFAOYSA-N,0.038643,-0.063859
KVNRLNFWIYMESJ-UHFFFAOYSA-N,0.050819,-0.071777
KWOLFJPFCHCOCG-UHFFFAOYSA-N,0.046785,-0.065383
KWRGMBARTDLYSH-UHFFFAOYSA-N,0.070531,-0.061379
KXKVLQRXCPHEJC-UHFFFAOYSA-N,0.03838,-0.064428
KYEACNNYFNZCST-UHFFFAOYSA-N,0.051235,-0.060768
KYQCOXFCLRTKLS-UHFFFAOYSA-N,0.043389,-0.056478
KYVBNYUBXIEUFW-UHFFFAOYSA-N,0.041623,-0.082133
KZTYYGOKRVBIMI-UHFFFAOYSA-N,0.046545,-0.066852
LBKDGROORAKTLC-UHFFFAOYSA-N,0.043557,-0.031821
LCGLNKUTAGEVQW-UHFFFAOYSA-N,0.026746,-0.059085
LCZUOKDVTBMCMX-UHFFFAOYSA-N,0.038237,-0.059518
LDDOSDVZPSGLFZ-UHFFFAOYSA-N,0.035666,-0.064842
LDLCZOVUSADOIV-UHFFFAOYSA-N,0.100897,-0.050867
LEIMLDGFXIOXMT-UHFFFAOYSA-N,0.059687,-0.071844
LFQSCWFLJHTTHZ-UHFFFAOYSA-N,0.086494,-0.063261
LFSAPCRASZRSKS-LURJTMIESA-N,0.03574,-0.068016
LFSXCDWNBUNEEM-UHFFFAOYSA-N,0.051434,-0.077609
LIWAQLJGPBVORC-UHFFFAOYSA-N,0.051042,-0.06612
LJXQPZWIHJMPQQ-UHFFFAOYSA-N,0.077559,-0.057303
LKNQXZAHNDFIQY-UHFFFAOYSA-N,0.051295,-0.059147
LKXYJYDRLBPHRS-UHFFFAOYSA-N,0.043559,-0.026174
LMTGCJANOQOGPI-UHFFFAOYSA-N,0.04373,-0.079606
LNDJVIYUJOJFSO-UHFFFAOYSA-N,0.096246,-0.056928
LNMBCRKRCIMQLW-UHFFFAOYSA-N,0.030564,-0.044614
LOWMYOWHQMKBTM-UHFFFAOYSA-N,0.039418,-0.084241
LQNUZADURLCDLV-UHFFFAOYSA-N,0.052897,-0.057213
LRDFRRGEGBBSRN-UHFFFAOYSA-N,0.048153,-0.071922
LRHPLDYGYMQRHN-UHFFFAOYSA-N,0.083758,-0.063987
LRMLWYXJORUTBG-UHFFFAOYSA-N,0.047552,-0.09506
LSBIUXKNVUBKRI-UHFFFAOYSA-N,0.047513,-0.063607
LSCYTCMNCWMCQE-UHFFFAOYSA-N,0.088017,-0.080869
LSXWFXONGKSEMY-UHFFFAOYSA-N,0.027818,-0.051778
LVQDLURAEDSMES-UHFFFAOYSA-N,0.045743,-0.081014
LYCAIKOWRPUZTN-UHFFFAOYSA-N,0.090486,-0.056997
LYDRKKWPKKEMNZ-UHFFFAOYSA-N,0.038725,-0.060414
LYGJENNIWJXYER-UHFFFAOYSA-N,0.064285,-0.054525
LZDKZFUFMNSQCJ-UHFFFAOYSA-N,0.026627,-0.054349
MBHINSULENHCMF-UHFFFAOYSA-N,0.044459,-0.079251
MBTGBRYMJKYYOE-UHFFFAOYSA-N,0.059429,-0.0574
MCSAJNNLRCFZED-UHFFFAOYSA-N,0.055923,-0.057167
MCTWTZJPVLRJOU-UHFFFAOYSA-N,0.052619,-0.08376
MFEIKQPHQINPRI-UHFFFAOYSA-N,0.04181,-0.071697
MGYMHQJELJYRQS-VHSXEESVSA-N,0.038795,-0.062377
MHDVGSVTJDSBDK-UHFFFAOYSA-N,0.035976,-0.042465
MHZGKXUYDGKKIU-UHFFFAOYSA-N,0.051981,-0.071079
MIJXMZUPSYRDQM-UHFFFAOYSA-N,0.04443,-0.055308
MJUJXFBTEFXVKU-UHFFFAOYSA-N,0.036369,-0.077357
MNOILHPDHOHILI-UHFFFAOYSA-N,0.041389,-0.057152
MPPPKRYCTPRNTB-UHFFFAOYSA-N,0.038978,-0.027738
MQBNSGDDWSWJLR-UHFFFAOYSA-N,0.056319,-0.067508
MSXIOWULDXZJLX-UHFFFAOYSA-N,0.0473,-0.074448
MTAODLNXWYIKSO-UHFFFAOYSA-N,0.052586,-0.064293
MTJVUMGKHCIMJL-UHFFFAOYSA-N,0.041724,-0.082254
MTPBUCCXRGSDCR-UHFFFAOYSA-N,0.042639,-0.07899
MTZQAGJQAFMTAQ-UHFFFAOYSA-N,0.039608,-0.062736
MUUWQYQRBFVTIB-UHFFFAOYSA-N,0.061949,-0.056335
MVPPADPHJFYWMZ-UHFFFAOYSA-N,0.041335,-0.020773
MVUMJYQUKKUOHO-AATRIKPKSA-N,0.047032,-0.075011
MYOHNZJKOAODMX-UHFFFAOYSA-N,0.037645,-0.07401
MZBUJUWHEHJJKJ-UHFFFAOYSA-N,0.055598,-0.06017
NAIVIVMHCDWBEF-UHFFFAOYSA-N,0.051552,-0.067901
NAMYKGVDVNBCFQ-UHFFFAOYSA-N,0.037985,-0.028073
NAQMVNRVTILPCV-UHFFFAOYSA-N,0.052289,-0.070612
NBBJYMSMWIIQGU-UHFFFAOYSA-N,0.040745,-0.062692
NBBZMDUHKWRYSZ-UHFFFAOYSA-N,0.05332,-0.045364
NBRKLOOSMBRFMH-UHFFFAOYSA-N,0.034286,-0.030432
NCBZRJODKRCREW-UHFFFAOYSA-N,0.074832,-0.050377
NCCHARWOCKOHIH-UHFFFAOYSA-N,0.087462,-0.075785
NCYVXEGFNDZQCU-UHFFFAOYSA-N,0.043931,-0.074692
NEKCOKJRDOPRSK-UHFFFAOYSA-N,0.046874,-0.068185
NKDDWNXOKDWJAK-UHFFFAOYSA-N,0.028582,-0.052559
NLHHRLWOUZZQLW-UHFFFAOYSA-N,0.061097,-0.06692
NLPHXWGWBKZSJC-UHFFFAOYSA-N,0.062671,-0.064087
NODGRWCMFMEGJH-UHFFFAOYSA-N,0.044439,-0.067759
NOFXHGGTQGRTTJ-UHFFFAOYSA-N,0.052012,-0.070727
NOLVABYTFMDREN-ZETCQYMHSA-N,0.037203,-0.060135
NPDJHFPZPRGSAK-UHFFFAOYSA-N,0.040542,-0.083411
NPZOFLLFFNIYON-LBPRGKRZSA-N,0.039898,-0.077964
NQRYJNQNLNOLGT-UHFFFAOYSA-N,0.051799,-0.065519
NRGGMCIBEHEAIL-UHFFFAOYSA-N,0.041683,-0.069215
NSWLMOHUXYULKL-UHFFFAOYSA-N,0.05325,-0.073508
NTIZESTWPVYFNL-UHFFFAOYSA-N,0.040465,-0.067467
NTPLXRHDUXRPNE-UHFFFAOYSA-N,0.046883,-0.069392
NUJGJRNETVAIRJ-UHFFFAOYSA-N,0.038805,-0.063836
NUKYPUAOHBNCPY-UHFFFAOYSA-N,0.090959,-0.079701
NUMQCACRALPSHD-UHFFFAOYSA-N,0.026367,-0.060612
NUOGEPIJFRZXIN-UHFFFAOYSA-N,0.047921,-0.074907
NURQLCJSMXZBPC-UHFFFAOYSA-N,0.038921,-0.073898
NVJBFARDFTXOTO-UHFFFAOYSA-N,0.035587,-0.064299
NVJUHMXYKCUMQA-UHFFFAOYSA-N,0.025237,-0.05963
NVPICXQHSYQKGM-UHFFFAOYSA-N,0.038676,-0.080305
NWPWRAWAUYIELB-UHFFFAOYSA-N,0.037727,-0.06471
NYPYPOZNGOXYSU-UHFFFAOYSA-N,0.051466,-0.060169
NYYLZXREFNYPKB-UHFFFAOYSA-N,0.040738,-0.083093
NZNMSOFKMUBTKW-UHFFFAOYSA-N,0.10176,-0.062702
NZZFYRREKKOMAT-UHFFFAOYSA-N,0.057101,-0.014903
OAGOUCJGXNLJNL-UHFFFAOYSA-N,0.049903,-0.078208
OBNCKNCVKJNDBV-UHFFFAOYSA-N,0.0328,-0.065571
OCGXPFSUJVHRHA-UHFFFAOYSA-N,0.043702,-0.080317
ODKLEQPZOCJQMT-UHFFFAOYSA-N,0.042131,-0.0812
OEPRBXUJOQLYID-UHFFFAOYSA-N,0.031624,-0.044323
OFCCYDUUBNUJIB-UHFFFAOYSA-N,0.047492,-0.067205
OHLUUHNLEMFGTQ-UHFFFAOYSA-N,0.089034,-0.080272
OIFBSDVPJOWBCH-UHFFFAOYSA-N,0.032964,-0.061825
OISVCGZHLKNMSJ-UHFFFAOYSA-N,0.040284,-0.068199
OIWFZENWZGPLQZ-UHFFFAOYSA-N,0.044878,-0.068181
OKDGRDCXVWSXDC-UHFFFAOYSA-N,0.05294,-0.063567
OKKJLVBELUTLKV-UHFFFAOYSA-N,0.086964,-0.063204
OLJDIRLJSRSJNR-UHFFFAOYSA-N,0.061132,-0.060396
ONIHPYYWNBVMID-UHFFFAOYSA-N,0.035332,-0.058696
OOLOYCGJRJFTPM-UHFFFAOYSA-N,0.043842,-0.040061
OOWFYDWAMOKVSF-UHFFFAOYSA-N,0.048475,-0.068856
OPXCUUJACRRYMC-UHFFFAOYSA-N,0.044463,-0.06228
ORPHOKOVVUFNKE-UHFFFAOYSA-N,0.04224,-0.073376
OSWPMRLSEDHDFF-UHFFFAOYSA-N,0.044562,-0.051004
OUMGIYIBWRLOAF-UHFFFAOYSA-N,0.038862,-0.047958
OXHNLMTVIGZXSG-UHFFFAOYSA-N,0.042105,-0.044405
OZJPLYNZGCXSJM-UHFFFAOYSA-N,0.047228,-0.07747
OZKOMUDCMCEDTM-UHFFFAOYSA-N,0.048533,-0.064741
OZNXTQSXSHODFR-CHIWXEEVSA-N,0.025942,-0.03279
PAAZPARNPHGIKF-UHFFFAOYSA-N,0.04806,-0.015414
PAFZNILMFXTMIY-UHFFFAOYSA-N,0.050587,-0.071293
PAMIQIKDUOTOBW-UHFFFAOYSA-N,0.022523,-0.06101
PAPBSGBWRJIAAV-UHFFFAOYSA-N,0.045943,-0.078506
PAYRUJLWNCNPSJ-UHFFFAOYSA-N,0.079128,-0.037744
PBMFSQRYOILNGV-UHFFFAOYSA-N,0.056989,-0.073709
PCNDJXKNXGMECE-UHFFFAOYSA-N,0.04132,-0.054818
PDLCCNYKIIUWHA-UHFFFAOYSA-N,0.044257,-0.067768
PDQRQJVPEFGVRK-UHFFFAOYSA-N,0.04409,-0.049593
PERWAYOEWJEJNO-UHFFFAOYSA-N,0.089888,-0.063143
PFCHFHIRKBAQGU-UHFFFAOYSA-N,0.0372,-0.065055
PFEGFUCYOHBDJF-UHFFFAOYSA-N,0.046914,-0.063972
PFYPDUUXDADWKC-UHFFFAOYSA-N,0.041886,-0.066015
PHWISQNXPLXQRU-UHFFFAOYSA-N,0.053454,-0.053535
PHWSCBWNPZDYRI-UHFFFAOYSA-N,0.049156,-0.053756
PIICEJLVQHRZGT-UHFFFAOYSA-N,0.056377,-0.075433
PJGSXYOJTGTZAV-UHFFFAOYSA-N,0.041711,-0.066619
PJYTYJGMJDIKEJ-UHFFFAOYSA-N,0.043834,-0.065899
PKAHQJNJPDVTDP-UHFFFAOYSA-N,0.03669,-0.063548
PKRKFWDKRNIVNP-UHFFFAOYSA-N,0.033298,-0.054499
PKZJLOCLABXVMC-UHFFFAOYSA-N,0.052233,-0.069093
PMDCZENCAXMSOU-UHFFFAOYSA-N,0.088451,-0.080162
PMRYVIKBURPHAH-UHFFFAOYSA-N,0.096961,-0.059598
PNPCRKVUWYDDST-UHFFFAOYSA-N,0.081239,-0.042471
POLCUAVZOMRGSN-UHFFFAOYSA-N,0.022434,-0.059778
PPBRXRYQALVLMV-UHFFFAOYSA-N,0.038249,-0.027948
PPMDSXRMQXBCJW-UHFFFAOYSA-N,0.038438,-0.088915
PSHKMPUSSFXUIA-UHFFFAOYSA-N,0.039081,-0.060391
PSXLJUKMMIHADB-UHFFFAOYSA-N,0.06369,-0.071902
PTTPXKJBFFKCEK-UHFFFAOYSA-N,0.035919,-0.062885
PVMNPAUTCMBOMO-UHFFFAOYSA-N,0.048563,-0.062183
PWRBCZZQRRPXAB-UHFFFAOYSA-N,0.051085,-0.060795
PWXRDOSRCIGJDM-UHFFFAOYSA-N,0.02692,-0.044052
PYLWMHQQBFSUBP-UHFFFAOYSA-N,0.04032,-0.029572
PYOKUURKVVELLB-UHFFFAOYSA-N,0.030694,-0.062064
QANVSPFERJBPTO-UHFFFAOYSA-N,0.042018,-0.082543
QARVLSVVCXYDNA-UHFFFAOYSA-N,0.042033,-0.02096
QAUUDNIGJSLPSX-UHFFFAOYSA-N,0.055214,-0.05786
QFHAGCRNENPASY-GQCTYLIASA-N,0.067252,-0.089179
QGZKDVFQNNGYKY-UHFFFAOYSA-N,0.055474,-0.074567
QJQAMHYHNCADNR-UHFFFAOYSA-N,0.086495,-0.077918
QKPVEISEHYYHRH-UHFFFAOYSA-N,0.05567,-0.067373
QMMFVYPAHWMCMS-UHFFFAOYSA-N,0.033127,-0.042227
QPJVMBTYPHYUOC-UHFFFAOYSA-N,0.040366,-0.061551
QPKDBLGFWZSDSB-UHFFFAOYSA-N,0.04284,-0.048022
QQZOPKMRPOGIEB-UHFFFAOYSA-N,0.040628,-0.066632
QRPMWVNREKTPOV-UHFFFAOYSA-N,0.038171,-0.040489
QSACPWSIIRFHHR-UHFFFAOYSA-N,0.045374,-0.06936
QSJXEFYPDANLFS-UHFFFAOYSA-N,0.052026,-0.050736
QSNSCYSYFYORTR-UHFFFAOYSA-N,0.086595,-0.029553
QUSNBJAOOMFDIB-UHFFFAOYSA-N,0.052503,-0.070509
QVSVMNXRLWSNGS-UHFFFAOYSA-N,0.060188,-0.061562
QVWDCTQRORVHHT-UHFFFAOYSA-N,0.050198,-0.074593
QZVQQUVWFIZUBQ-UHFFFAOYSA-N,0.085817,-0.03542
RAOIDOHSFRTOEL-UHFFFAOYSA-N,0.030551,-0.043933
RAXXELZNTBOGNW-UHFFFAOYSA-N,0.105597,-0.081207
RDHPKYGYEGBMSE-UHFFFAOYSA-N,0.040517,-0.026852
RDOWQLZANAYVLL-UHFFFAOYSA-N,0.048235,-0.065736
RDOXTESZEPMUJZ-UHFFFAOYSA-N,0.040511,-0.043534
RENMDAKOXSCIGH-UHFFFAOYSA-N,0.071269,-0.059991
RFFFKMOABOFIDF-UHFFFAOYSA-N,0.050756,-0.071562
RGHPCLZJAFCTIK-UHFFFAOYSA-N,0.031914,-0.076299
RGTLAJIDOSPEDH-UHFFFAOYSA-N,0.055094,-0.057158
RGUKYNXWOWSRET-UHFFFAOYSA-N,0.038726,-0.083217
RGXUCUWVGKLACF-UHFFFAOYSA-N,0.055282,-0.066048
RHMPLDJJXGPMEX-UHFFFAOYSA-N,0.109719,-0.041916
RHQDFWAXVIIEBN-UHFFFAOYSA-N,0.102555,-0.045574
RIFKADJTWUGDOV-UHFFFAOYSA-N,0.039039,-0.067827
RJGDLRCDCYRQOQ-UHFFFAOYSA-N,0.043578,-0.066014
RJSZFWIUDNOVNP-UHFFFAOYSA-N,0.040145,-0.057271
RKSOPLXZQNSWAS-UHFFFAOYSA-N,0.035711,-0.029146
RLSSMJSEOOYNOY-UHFFFAOYSA-N,0.103111,-0.047974
RLVGHTRVYWUWSH-UHFFFAOYSA-N,0.043863,-0.077984
RNVCVTLRINQCPJ-UHFFFAOYSA-N,0.072364,-0.049595
ROFVEXUMMXZLPA-UHFFFAOYSA-N,0.041564,-0.048978
ROSDSFDQCJNGOL-UHFFFAOYSA-N,0.05284,-0.067028
ROUYUBHVBIKMQO-UHFFFAOYSA-N,0.046521,-0.017809
RTGHHTASQKFKNA-UHFFFAOYSA-N,0.048149,-0.049314
RTZKZFJDLAIYFH-UHFFFAOYSA-N,0.025318,-0.059581
RUOJZAUFBMNUDX-VKHMYHEASA-N,0.059671,-0.070423
RVAQSYWDOSHWGP-UHFFFAOYSA-N,0.040019,-0.070999
RWCCWEUUXYIKHB-UHFFFAOYSA-N,0.040832,-0.064004
RWRDLPDLKQPQOW-UHFFFAOYSA-N,0.051837,-0.067314
RXYPXQSKLGGKOL-UHFFFAOYSA-N,0.024472,-0.059928
RYHBNJHYFVUHQT-UHFFFAOYSA-N,0.03228,-0.054529
RYMBAPVTUHZCNF-UHFFFAOYSA-N,0.047095,-0.061747
RZXMPPFPUUCRFN-UHFFFAOYSA-N,0.071247,-0.053016
SAANJXKHPZBABZ-UHFFFAOYSA-N,0.04249,-0.073583
SBYHFKPVCBCYGV-UHFFFAOYSA-N,0.020895,-0.067857
SCYULBFZEHDVBN-UHFFFAOYSA-N,0.053119,-0.024337
SECXISVLQFMRJM-UHFFFAOYSA-N,0.038481,-0.081345
SEEYREPSKCQBBF-UHFFFAOYSA-N,0.059691,-0.054643
SELYJABLPLKXOY-UHFFFAOYSA-N,0.03415,-0.072636
SHOJXDKTYKFBRD-UHFFFAOYSA-N,0.036811,-0.070488
SHQSVMDWKBRBGB-UHFFFAOYSA-N,0.044169,-0.063904
SJMLNDPIJZBEKY-UHFFFAOYSA-N,0.04164,-0.05325
SJNALLRHIVGIBI-UHFFFAOYSA-N,0.056117,-0.069749
SJRJJKPEHAURKC-UHFFFAOYSA-N,0.029583,-0.059174
SKBBQSLSGRSQAJ-UHFFFAOYSA-N,0.050955,-0.059516
SKECXRFZFFAANN-UHFFFAOYSA-N,0.053203,-0.058101
SMBILOIZRKUZPE-UHFFFAOYSA-N,0.043816,-0.081512
SMNMEJQTBGWHLI-UHFFFAOYSA-N,0.041736,-0.072397
SMWDFEZZVXVKRB-UHFFFAOYSA-N,0.045484,-0.065942
SMZHKGXSEAGRTI-UHFFFAOYSA-N,0.049554,-0.050867
SNHMUERNLJLMHN-UHFFFAOYSA-N,0.042133,-0.018837
SNICXCGAKADSCV-JTQLQIEISA-N,0.038817,-0.071178
SNZSAFILJOCMFM-UHFFFAOYSA-N,0.038834,-0.097218
SQCZQTSHSZLZIQ-UHFFFAOYSA-N,0.036927,-0.029442
SQNZJJAZBFDUTD-UHFFFAOYSA-N,0.027205,-0.033474
SRPCLECGIYMIMN-CSKARUKUSA-N,0.045733,-0.063671
STSCVKRWJPWALQ-UHFFFAOYSA-N,0.05299,-0.050137
STZZWJCGRKXEFF-UHFFFAOYSA-N,0.081582,-0.053728
SUDHEDJJFGYYPL-UHFFFAOYSA-N,0.032804,-0.073632
SUNMBRGCANLOEG-UHFFFAOYSA-N,0.06994,-0.059743
SUSQOBVLVYHIEX-UHFFFAOYSA-N,0.054617,-0.067798
SVEUVITYHIHZQE-UHFFFAOYSA-N,0.079468,-0.064599
SVYKKECYCPFKGB-UHFFFAOYSA-N,0.023682,-0.062429
SWFHGTMLYIBPPA-UHFFFAOYSA-N,0.046836,-0.067738
SWIMPUZQSVMCCL-UHFFFAOYSA-N,0.045767,-0.085382
SXVPOSFURRDKBO-UHFFFAOYSA-N,0.03578,-0.064857
SYBYTAAJFKOIEJ-UHFFFAOYSA-N,0.040231,-0.066587
SYEXGNJRYPOUSI-DNSLJTBWSA-N,0.032666,-0.066095
SZIFAVKTNFCBPC-UHFFFAOYSA-N,0.076207,-0.05623
TVDSBUOJIPERQY-UHFFFAOYSA-N,0.09007,-0.055384
TZIHFWKZFHZASV-UHFFFAOYSA-N,0.048195,-0.060181
UAOMVDZJSHZZME-UHFFFAOYSA-N,0.047051,-0.062983
UBUCNCOMADRQHX-UHFFFAOYSA-N,0.041839,-0.061388
UCCTWLQOBSQILV-UHFFFAOYSA-N,0.039976,-0.074911
UEALYGMEMQDEMQ-UHFFFAOYSA-N,0.050927,-0.063895
UFWIBTONFRDIAS-UHFFFAOYSA-N,0.034802,-0.025133
UGEJOEBBMPOJMT-UHFFFAOYSA-N,0.115167,-0.035509
UGPJBFFHKZHEKY-UHFFFAOYSA-N,0.052484,-0.061346
UHNHTTIUNATJKL-UHFFFAOYSA-N,0.090484,-0.066768
UHOVQNZJYSORNB-UHFFFAOYSA-N,0.033096,-0.026583
UIHCLUNTQKBZGK-RXMQYKEDSA-N,0.041193,-0.066275
UIHCLUNTQKBZGK-YFKPBYRVSA-N,0.04085,-0.066589
UIQGEWJEWJMQSL-UHFFFAOYSA-N,0.036018,-0.064339
ULKWBVNMJZUEBD-UHFFFAOYSA-N,0.039046,-0.080461
ULTHEAFYOOPTTB-UHFFFAOYSA-N,0.048687,-0.02809
ULYZAYCEDJDHCC-UHFFFAOYSA-N,0.036188,-0.029475
UMIPWJGWASORKV-UHFFFAOYSA-N,0.05724,-0.036264
UMPRJGKLMUDRHL-UHFFFAOYSA-N,0.046228,-0.059543
UMURLIQHQSKULR-UHFFFAOYSA-N,0.093987,-0.063506
UNFUYWDGSFDHCW-UHFFFAOYSA-N,0.033671,-0.030975
UOCLXMDMGBRAIB-UHFFFAOYSA-N,0.043699,-0.016115
UOFJAUUGUOGVPN-UHFFFAOYSA-N,0.051247,-0.072257
UPOSSYJVWXLPTA-UHFFFAOYSA-N,0.035302,-0.066887
UQEAIHBTYFGYIE-UHFFFAOYSA-N,0.029237,-0.040309
UQFQONCQIQEYPJ-UHFFFAOYSA-N,0.053036,-0.069365
URAYPUMNDPQOKB-UHFFFAOYSA-N,0.044848,-0.059611
URLKBWYHVLBVBO-UHFFFAOYSA-N,0.029909,-0.030851
USIUVYZYUHIAEV-UHFFFAOYSA-N,0.035806,-0.040398
UUIMDJFBHNDZOW-UHFFFAOYSA-N,0.04237,-0.063645
UUWJBXKHMMQDED-UHFFFAOYSA-N,0.051555,-0.060311
UWHSPZZUAYSGTB-UHFFFAOYSA-N,0.032576,-0.079577
UWKQJZCTQGMHKD-UHFFFAOYSA-N,0.039297,-0.045659
UYFJYGWNYQCHOB-UHFFFAOYSA-N,0.043997,-0.067915
VAJCYQHLYBTSHG-UHFFFAOYSA-N,0.035284,-0.073888
VAYTZRYEBVHVLE-UHFFFAOYSA-N,0.076045,-0.062468
VBZWSGALLODQNC-UHFFFAOYSA-N,0.083892,-0.024742
VCHOFVSNWYPAEF-UHFFFAOYSA-N,0.058676,-0.059397
VCYZVXRKYPKDQB-UHFFFAOYSA-N,0.045984,-0.057182
VDFVNEFVBPFDSB-UHFFFAOYSA-N,0.035513,-0.055442
VEFLKXRACNJHOV-UHFFFAOYSA-N,0.046965,-0.025594
VEUUMBGHMNQHGO-UHFFFAOYSA-N,0.052025,-0.056024
VEZXCJBBBCKRPI-UHFFFAOYSA-N,0.053528,-0.065257
VFWCMGCRMGJXDK-UHFFFAOYSA-N,0.036796,-0.029299
VGPDIWXFWRDHDC-UHFFFAOYSA-N,0.049087,-0.061258
VHBFFQKBGNRLFZ-UHFFFAOYSA-N,0.046981,-0.075478
VHFUHRXYRYWELT-UHFFFAOYSA-N,0.04999,-0.051711
VHYFNPMBLIVWCW-UHFFFAOYSA-N,0.050239,-0.08136
VJNGGOMRUHYAMC-UHFFFAOYSA-N,0.064754,-0.057527
VJPAMLCBTIWAHI-UHFFFAOYSA-N,0.049734,-0.073767
VJXRKZJMGVSXPX-UHFFFAOYSA-N,0.039605,-0.072597
VKYKSIONXSXAKP-UHFFFAOYSA-N,0.031171,-0.055848
VLLNJDMHDJRNFK-CHIWXEEVSA-N,0.0793,-0.065237
VLVCDUSVTXIWGW-UHFFFAOYSA-N,0.081924,-0.041011
VMOIPIVQHVFUFO-UHFFFAOYSA-N,0.057244,-0.056883
VNXYDFNVQBICRO-UHFFFAOYSA-N,0.068156,-0.038302
VPYJNCGUESNPMV-UHFFFAOYSA-N,0.032804,-0.059134
VQGHOUODWALEFC-UHFFFAOYSA-N,0.044763,-0.05896
VQHPRVYDKRESCL-CHIWXEEVSA-N,0.026911,-0.031706
VSUGUKXAAPOFPQ-UHFFFAOYSA-N,0.038728,-0.037813
VSYFZULSKMFUJJ-UHFFFAOYSA-N,0.044317,-0.082075
VVIAWLIDZAXESO-UHFFFAOYSA-N,0.039788,-0.056079
VVJKKWFAADXIJK-UHFFFAOYSA-N,0.056232,-0.066468
VYHVQEYOFIYNJP-UHFFFAOYSA-N,0.063254,-0.066287
VZGDMQKNWNREIO-UHFFFAOYSA-N,0.03996,-0.003956
VZXXYILNWWRSGE-OCAPTIKFSA-N,0.031959,-0.064385
WAULAQAPARJWJJ-UHFFFAOYSA-N,0.027286,-0.044158
WBDSPWDNJYQQDT-UHFFFAOYSA-N,0.037671,-0.076868
WBJINCZRORDGAQ-UHFFFAOYSA-N,0.046263,-0.060952
WCFDSGHAIGTEKL-UHFFFAOYSA-N,0.056584,-0.065592
WDAXFOBOLVPGLV-UHFFFAOYSA-N,0.032091,-0.065514
WDFQBORIUYODSI-UHFFFAOYSA-N,0.087489,-0.029212
WEEGYLXZBRQIMU-WAAGHKOSSA-N,0.024835,-0.06338
WEHWNAOGRSTTBQ-UHFFFAOYSA-N,0.050056,-0.065543
WEVYAHXRMPXWCK-UHFFFAOYSA-N,0.057579,-0.070036
WFCLYEAZTHWNEH-UHFFFAOYSA-N,0.059023,-0.066789
WFDIJRYMOXRFFG-UHFFFAOYSA-N,0.056015,-0.058977
WFJXYIUAMJAURQ-UHFFFAOYSA-N,0.041219,-0.082918
WGBMKQSRUSKSOM-UHFFFAOYSA-N,0.044386,-0.06714
WGJCBBASTRWVJL-UHFFFAOYSA-N,0.089669,-0.055249
WGQKYBSKWIADBV-UHFFFAOYSA-N,0.058221,-0.057511
WGYKZJWCGVVSQN-UHFFFAOYSA-N,0.052671,-0.070793
WHTDCOSHHMXZNE-UHFFFAOYSA-N,0.038496,-0.068932
WJYIASZWHGOTOU-UHFFFAOYSA-N,0.052342,-0.070706
WMFABESKCHGSRC-UHFFFAOYSA-N,0.050697,-0.054917
WMOVHXAZOJBABW-UHFFFAOYSA-N,0.035797,-0.064686
WMQUKDQWMMOHSA-UHFFFAOYSA-N,0.055792,-0.061924
WNXJIVFYUVYPPR-UHFFFAOYSA-N,0.038673,-0.054659
WPGHPGAUFIJVJF-UHFFFAOYSA-N,0.055647,-0.05392
WPYMKLBDIGXBTP-UHFFFAOYSA-N,0.105849,-0.059065
WRMNZCZEMHIOCP-UHFFFAOYSA-N,0.089146,-0.059378
WSJNYOVBJSOQST-UHFFFAOYSA-N,0.037947,-0.06416
WSLDOOZREJYCGB-UHFFFAOYSA-N,0.052673,-0.035157
WURBFLDFSFBTLW-UHFFFAOYSA-N,0.043615,-0.056088
WVDDGKGOMKODPV-UHFFFAOYSA-N,0.08833,-0.067067
WVLBCYQITXONBZ-UHFFFAOYSA-N,0.039794,-0.0848
WXBWKMLIVXELSF-UHFFFAOYSA-N,0.048673,-0.068235
WXEHBUMAEPOYKP-UHFFFAOYSA-N,0.032195,-0.042973
WYACBZDAHNBPPB-UHFFFAOYSA-N,0.070628,-0.058694
WYOXDERVKORKJN-UHFFFAOYSA-N,0.057715,-0.066177
WYURNTSHIVDZCO-UHFFFAOYSA-N,0.030341,-0.065468
WZADGDPHGLPABW-UHFFFAOYSA-N,0.043223,-0.06371
WZJYKHNJTSNBHV-UHFFFAOYSA-N,0.045326,-0.053176
XBNGYFFABRKICK-UHFFFAOYSA-N,0.121626,-0.032475
XBPPLECAZBTMMK-UHFFFAOYSA-N,0.055541,-0.071759
XCWPBWWTGHQKDR-UHFFFAOYSA-N,0.057874,-0.043845
XDELKSRGBLWMBA-UHFFFAOYSA-N,0.051247,-0.060248
XDJAAZYHCCRJOK-UHFFFAOYSA-N,0.058298,-0.072911
XDOKVFJJVSLHDJ-UHFFFAOYSA-N,0.05482,-0.080501
XEJIHKUDPINBCS-UHFFFAOYSA-N,0.103787,-0.065288
XEKOWRVHYACXOJ-UHFFFAOYSA-N,0.037683,-0.064517
XFNJVJPLKCPIBV-UHFFFAOYSA-N,0.055462,-0.075703
XHNTVKASLQLNFM-UHFFFAOYSA-N,0.051502,-0.087716
XIAJQOBRHVKGSP-UHFFFAOYSA-N,0.032944,-0.028752
XLSZMDLNRCVEIJ-UHFFFAOYSA-N,0.102763,-0.081275
XLYOFNOQVPJJNP-UHFFFAOYSA-N,0.090666,-0.065229
XNLICIUVMPYHGG-UHFFFAOYSA-N,0.040717,-0.066475
XQAACMFZWHCPPN-UHFFFAOYSA-N,0.042373,-0.073427
XQABVLBGNWBWIV-UHFFFAOYSA-N,0.050229,-0.073104
XQQZRZQVBFHBHL-UHFFFAOYSA-N,0.032173,-0.060666
XRGPFNGLRSIPSA-UHFFFAOYSA-N,0.078835,-0.061784
XRYKNXGXIFPTKH-UHFFFAOYSA-N,0.027892,-0.044694
XSAYZAUNJMRRIR-UHFFFAOYSA-N,0.045661,-0.065985
XTGOWLIKIQLYRG-UHFFFAOYSA-N,0.051312,-0.038068
XTHFKEDIFFGKHM-UHFFFAOYSA-N,0.028198,-0.053321
XULIXFLCVXWHRF-UHFFFAOYSA-N,0.026158,-0.05419
XUVKSPPGPPFPQN-UHFFFAOYSA-N,0.052299,-0.07497
XVSSDGZQVZDTCT-UHFFFAOYSA-N,0.074987,-0.097815
XWEFKJNJSVXMOD-UHFFFAOYSA-N,0.071119,-0.077214
XXBDWLFCJWSEKW-UHFFFAOYSA-N,0.031675,-0.049927
XXROGKLTLUQVRX-UHFFFAOYSA-N,0.092538,-0.054468
XYWDPYKBIRQXQS-UHFFFAOYSA-N,0.030233,-0.044348
XZIAFENWXIQIKR-UHFFFAOYSA-N,0.04463,-0.057863
XZMCDFZZKTWFGF-UHFFFAOYSA-N,0.107345,-0.073818
YBRBMKDOPFTVDT-UHFFFAOYSA-N,0.050798,-0.069791
YEEMHJNIVXNCSN-ALCCZGGFSA-N,0.061334,-0.087739
YEEMHJNIVXNCSN-FNORWQNLSA-N,0.061987,-0.090108
YEJRWHAVMIAJKC-UHFFFAOYSA-N,0.047423,-0.073651
YFTHZRPMJXBUME-UHFFFAOYSA-N,0.023351,-0.058931
YHQMSHVVGOSZEW-UHFFFAOYSA-N,0.03863,-0.084256
YHRUOJUYPBUZOS-UHFFFAOYSA-N,0.04447,-0.026015
YIIMEMSDCNDGTB-UHFFFAOYSA-N,0.046073,-0.066668
YKOQQFDCCBKROY-UHFFFAOYSA-N,0.039885,-0.080371
YKYONYBAUNKHLG-UHFFFAOYSA-N,0.037261,-0.066052
YLQBMQCUIZJEEH-UHFFFAOYSA-N,0.046729,-0.036207
YLQWCDOCJODRMT-UHFFFAOYSA-N,0.047546,-0.0623
YMWUJEATGCHHMB-UHFFFAOYSA-N,0.056975,-0.020331
YNAVUWVOSKDBBP-UHFFFAOYSA-N,0.058648,-0.060373
YNBADRVTZLEFNH-UHFFFAOYSA-N,0.047396,-0.06307
YNPNZTXNASCQKK-UHFFFAOYSA-N,0.04277,-0.024707
YNQLUTRBYVCPMQ-UHFFFAOYSA-N,0.030919,-0.030027
YQYGPGKTNQNXMH-UHFFFAOYSA-N,0.063795,-0.052209
YRHRIQCWCFGUEQ-UHFFFAOYSA-N,0.045549,-0.063692
YRKCREAYFQTBPV-UHFFFAOYSA-N,0.047093,-0.056897
YSHMQTRICHYLGF-UHFFFAOYSA-N,0.04211,-0.072615
YSTPAHQEHQSRJD-VIFPVBQESA-N,0.038131,-0.072035
YTEZIPDBCRBOTM-UHFFFAOYSA-N,0.058382,-0.072727
YTPLMLYBLZKORZ-UHFFFAOYSA-N,0.045656,-0.026033
YUWFEBAXEOLKSG-UHFFFAOYSA-N,0.021892,-0.036955
YVBMXGVGOLXFFS-UHFFFAOYSA-N,0.045245,-0.069444
YVXHZKKCZYLQOP-UHFFFAOYSA-N,0.057357,-0.036317
YXFVVABEGXRONW-UHFFFAOYSA-N,0.031467,-0.029328
YXIWHUQXZSMYRE-UHFFFAOYSA-N,0.102593,-0.049435
YXWJGZQOGXGSSC-UHFFFAOYSA-N,0.054606,-0.055497
YYVYAPXYZVYDHN-UHFFFAOYSA-N,0.061685,-0.081515
YZWKKMVJZFACSU-UHFFFAOYSA-N,0.038723,-0.027923
ZAFNJMIOTHYJRJ-UHFFFAOYSA-N,0.025334,-0.060889
ZCQWOFVYLHDMMC-UHFFFAOYSA-N,0.058709,-0.066008
ZDOYHCIRUPHUHN-UHFFFAOYSA-N,0.052069,-0.067357
ZDPAWHACYDRYIW-UHFFFAOYSA-N,0.053435,-0.062585
ZKKBIZXAEDFPNL-HWKANZROSA-N,0.05547,-0.084199
ZMANZCXQSJIPKH-UHFFFAOYSA-N,0.024647,-0.059741
ZMXDDKWLCZADIW-UHFFFAOYSA-N,0.047496,-0.078829
ZNSMNVMLTJELDZ-UHFFFAOYSA-N,0.04127,-0.031159
ZOMKCDYJHAQMCU-UHFFFAOYSA-N,0.058413,-0.086926
ZPTVNYMJQHSSEA-UHFFFAOYSA-N,0.049877,-0.059826
ZQWPRMPSCMSAJU-UHFFFAOYSA-N,0.036561,-0.065268
ZRLDBDZSLLGDOX-UHFFFAOYSA-N,0.038401,-0.072102
ZRSNZINYAWTAHE-UHFFFAOYSA-N,0.053154,-0.067898
ZSSWXNPRLJLCDU-UHFFFAOYSA-N,0.041907,-0.09542
ZTQSAGDEMFDKMZ-UHFFFAOYSA-N,0.039627,-0.063263
ZUOUZKKEUPVFJK-UHFFFAOYSA-N,0.034161,-0.025233
ZWAJLVLEBYIOTI-OLQVQODUSA-N,0.031063,-0.061088
ZWEHNKRNPOVVGH-UHFFFAOYSA-N,0.041147,-0.067256
ZWXPDGCFMMFNRW-UHFFFAOYSA-N,0.036955,-0.082883
ZYPLZLQKRFFKCL-UHFFFAOYSA-N,0.06331,-0.058651
ZZTSQZQUWBFTAT-UHFFFAOYSA-N,0.049169,-0.080337
ZZWJQCJQAXZVOM-UHFFFAOYSA-N,0.046741,-0.065536
